"Tweet id","Tweet permalink","Tweet text","time","impressions","engagements","engagement rate","retweets","replies","likes","user profile clicks","url clicks","hashtag clicks","detail expands","permalink clicks","app opens","app installs","follows","email tweet","dial phone","media views","media engagements","promoted impressions","promoted engagements","promoted engagement rate","promoted retweets","promoted replies","promoted likes","promoted user profile clicks","promoted url clicks","promoted hashtag clicks","promoted detail expands","promoted permalink clicks","promoted app opens","promoted app installs","promoted follows","promoted email tweet","promoted dial phone","promoted media views","promoted media engagements"
"1337524845077286912","https://twitter.com/jeruselam2023/status/1337524845077286912","BüyükOyun Oynanıyor Adamlık dini Evlilik Psikolojisi Adnan Oktar https://t.co/0IJQ0fEjop via @YouTube","2020-12-11 22:29 +0000","20.0","5.0","0.25","2.0","0.0","2.0","0.0","0.0","0.0","1.0","0.0","0","0","0","0","0","0","0","-","-","-","-","-","-","-","-","-","-","-","-","-","-","-","-","-","-"
"1337524549433384961","https://twitter.com/jeruselam2023/status/1337524549433384961","Adamlık dini Evlilik Psikolojisi Adnan Oktar https://t.co/TRSFQ2Zzd8 via @YouTube","2020-12-11 22:27 +0000","5.0","0.0","0.0","0.0","0.0","0.0","0.0","0.0","0.0","0.0","0.0","0","0","0","0","0","0","0","-","-","-","-","-","-","-","-","-","-","-","-","-","-","-","-","-","-"
"1337484876472324101","https://twitter.com/jeruselam2023/status/1337484876472324101","BüyükOyun Oynanıyor #KırmızıOda https://t.co/dS7UlRT7kc","2020-12-11 19:50 +0000","67.0","2.0","0.029850746268656716","0.0","0.0","0.0","1.0","0.0","0.0","1.0","0.0","0","0","0","0","0","7","0","-","-","-","-","-","-","-","-","-","-","-","-","-","-","-","-","-","-"
"1337477501711491072","https://twitter.com/jeruselam2023/status/1337477501711491072","“Ey Rabbimiz! (Amellerin) hesap olunacağı gün, beni ana-babamı ve mü’minleri bağışla!” (İbrahim Suresi, 41)","2020-12-11 19:21 +0000","32.0","4.0","0.125","0.0","0.0","3.0","0.0","0.0","0.0","1.0","0.0","0","0","0","0","0","0","0","-","-","-","-","-","-","-","-","-","-","-","-","-","-","-","-","-","-"
"1337472304633290759","https://twitter.com/jeruselam2023/status/1337472304633290759","@Kandilli_info “Ey Rabbimiz! (Amellerin) hesap olunacağı gün, beni ana-babamı ve mü’minleri bağışla!” (İbrahim Suresi, 41)","2020-12-11 19:00 +0000","58.0","0.0","0.0","0.0","0.0","0.0","0.0","0.0","0.0","0.0","0.0","0","0","0","0","0","0","0","-","-","-","-","-","-","-","-","-","-","-","-","-","-","-","-","-","-"
"1337472279354159107","https://twitter.com/jeruselam2023/status/1337472279354159107","@Kandilli_info “Ey Rabbimiz! (Amellerin) hesap olunacağı gün, beni ana-babamı ve mü’minleri bağışla!” (İbrahim Suresi, 41)","2020-12-11 19:00 +0000","55.0","1.0","0.01818181818181818","0.0","0.0","0.0","1.0","0.0","0.0","0.0","0.0","0","0","0","0","0","0","0","-","-","-","-","-","-","-","-","-","-","-","-","-","-","-","-","-","-"
"1337472254964342793","https://twitter.com/jeruselam2023/status/1337472254964342793","@Kandilli_info “Ey Rabbimiz! (Amellerin) hesap olunacağı gün, beni ana-babamı ve mü’minleri bağışla!” (İbrahim Suresi, 41)","2020-12-11 19:00 +0000","134.0","5.0","0.03731343283582089","0.0","0.0","1.0","0.0","0.0","0.0","4.0","0.0","0","0","0","0","0","0","0","-","-","-","-","-","-","-","-","-","-","-","-","-","-","-","-","-","-"
"1337408799121010688","https://twitter.com/jeruselam2023/status/1337408799121010688","“Rabbim! Beni namaza devam eden bir kimse eyle. Soyumdan da böyle kimseler yarat. Rabbimiz! Duamı kabul eyle.” (İbrahim Suresi, 40)","2020-12-11 14:48 +0000","24.0","0.0","0.0","0.0","0.0","0.0","0.0","0.0","0.0","0.0","0.0","0","0","0","0","0","0","0","-","-","-","-","-","-","-","-","-","-","-","-","-","-","-","-","-","-"
"1337403779130548227","https://twitter.com/jeruselam2023/status/1337403779130548227","@Kandilli_info “Rabbim! Beni namaza devam eden bir kimse eyle. Soyumdan da böyle kimseler yarat. Rabbimiz! Duamı kabul eyle.” (İbrahim Suresi, 40)","2020-12-11 14:28 +0000","279.0","3.0","0.010752688172043012","0.0","0.0","2.0","0.0","0.0","0.0","1.0","0.0","0","0","0","0","0","0","0","-","-","-","-","-","-","-","-","-","-","-","-","-","-","-","-","-","-"
"1337257300885565440","https://twitter.com/jeruselam2023/status/1337257300885565440","“Rabbimiz! İçlerinden onlara bir Peygamber gönder; onlara âyetlerini okusun, kitabı ve hikmeti öğretsin ve onları her kötülükten arındırsın. Şüphesiz, sen mutlak güç sahibisin, hüküm ve hikmet sahibisin.” (Bakara Suresi, 129)","2020-12-11 04:46 +0000","28.0","0.0","0.0","0.0","0.0","0.0","0.0","0.0","0.0","0.0","0.0","0","0","0","0","0","0","0","-","-","-","-","-","-","-","-","-","-","-","-","-","-","-","-","-","-"
"1337252336595558401","https://twitter.com/jeruselam2023/status/1337252336595558401","@Kandilli_info “Rabbimiz! İçlerinden onlara bir Peygamber gönder; onlara âyetlerini okusun, kitabı ve hikmeti öğretsin ve onları her kötülükten arındırsın. Şüphesiz, sen mutlak güç sahibisin, hüküm ve hikmet sahibisin.” (Bakara Suresi, 129)","2020-12-11 04:26 +0000","14.0","2.0","0.14285714285714285","0.0","0.0","0.0","0.0","0.0","0.0","2.0","0.0","0","0","0","0","0","0","0","-","-","-","-","-","-","-","-","-","-","-","-","-","-","-","-","-","-"
"1337252278412189697","https://twitter.com/jeruselam2023/status/1337252278412189697","@Kandilli_info “Rabbimiz! İçlerinden onlara bir Peygamber gönder; onlara âyetlerini okusun, kitabı ve hikmeti öğretsin ve onları her kötülükten arındırsın. Şüphesiz, sen mutlak güç sahibisin, hüküm ve hikmet sahibisin.” (Bakara Suresi, 129)","2020-12-11 04:26 +0000","20.0","2.0","0.1","0.0","0.0","0.0","0.0","0.0","0.0","2.0","0.0","0","0","0","0","0","0","0","-","-","-","-","-","-","-","-","-","-","-","-","-","-","-","-","-","-"
"1337252237798764548","https://twitter.com/jeruselam2023/status/1337252237798764548","@Kandilli_info “Rabbimiz! İçlerinden onlara bir Peygamber gönder; onlara âyetlerini okusun, kitabı ve hikmeti öğretsin ve onları her kötülükten arındırsın. Şüphesiz, sen mutlak güç sahibisin, hüküm ve hikmet sahibisin.” (Bakara Suresi, 129)","2020-12-11 04:25 +0000","37.0","4.0","0.10810810810810811","0.0","0.0","0.0","2.0","0.0","0.0","2.0","0.0","0","0","0","0","0","0","0","-","-","-","-","-","-","-","-","-","-","-","-","-","-","-","-","-","-"
"1337252197571158016","https://twitter.com/jeruselam2023/status/1337252197571158016","@Kandilli_info “Rabbimiz! İçlerinden onlara bir Peygamber gönder; onlara âyetlerini okusun, kitabı ve hikmeti öğretsin ve onları her kötülükten arındırsın. Şüphesiz, sen mutlak güç sahibisin, hüküm ve hikmet sahibisin.” (Bakara Suresi, 129)","2020-12-11 04:25 +0000","30.0","1.0","0.03333333333333333","0.0","0.0","1.0","0.0","0.0","0.0","0.0","0.0","0","0","0","0","0","0","0","-","-","-","-","-","-","-","-","-","-","-","-","-","-","-","-","-","-"
"1337252164960460800","https://twitter.com/jeruselam2023/status/1337252164960460800","@Kandilli_info “Rabbimiz! İçlerinden onlara bir Peygamber gönder; onlara âyetlerini okusun, kitabı ve hikmeti öğretsin ve onları her kötülükten arındırsın. Şüphesiz, sen mutlak güç sahibisin, hüküm ve hikmet sahibisin.” (Bakara Suresi, 129)","2020-12-11 04:25 +0000","98.0","1.0","0.01020408163265306","0.0","0.0","1.0","0.0","0.0","0.0","0.0","0.0","0","0","0","0","0","0","0","-","-","-","-","-","-","-","-","-","-","-","-","-","-","-","-","-","-"
"1337252138494414848","https://twitter.com/jeruselam2023/status/1337252138494414848","@Kandilli_info “Rabbimiz! İçlerinden onlara bir Peygamber gönder; onlara âyetlerini okusun, kitabı ve hikmeti öğretsin ve onları her kötülükten arındırsın. Şüphesiz, sen mutlak güç sahibisin, hüküm ve hikmet sahibisin.” (Bakara Suresi, 129)","2020-12-11 04:25 +0000","241.0","4.0","0.016597510373443983","0.0","0.0","2.0","1.0","0.0","0.0","1.0","0.0","0","0","0","0","0","0","0","-","-","-","-","-","-","-","-","-","-","-","-","-","-","-","-","-","-"
"1337252111965360131","https://twitter.com/jeruselam2023/status/1337252111965360131","@Kandilli_info “Rabbimiz! İçlerinden onlara bir Peygamber gönder; onlara âyetlerini okusun, kitabı ve hikmeti öğretsin ve onları her kötülükten arındırsın. Şüphesiz, sen mutlak güç sahibisin, hüküm ve hikmet sahibisin.” (Bakara Suresi, 129)","2020-12-11 04:25 +0000","164.0","5.0","0.03048780487804878","0.0","0.0","3.0","0.0","0.0","0.0","2.0","0.0","0","0","0","0","0","0","0","-","-","-","-","-","-","-","-","-","-","-","-","-","-","-","-","-","-"
"1337123210089951232","https://twitter.com/jeruselam2023/status/1337123210089951232","Çocukların, Darwinist ideolojinin etkisi ile dövülmesi, linç edilmesi veya bombayla parçalanması arasında hiçbir fark yoktur!! Üstelik çocuklar Dünya'nın her yerinde yetişkinlerden daha zor şartlara maruz bırakılıyorlar. https://t.co/lOa3JMMOhs","2020-12-10 19:53 +0000","20.0","1.0","0.05","0.0","0.0","0.0","0.0","0.0","0.0","0.0","0.0","0","0","0","0","0","3","1","-","-","-","-","-","-","-","-","-","-","-","-","-","-","-","-","-","-"
"1337119806617739282","https://twitter.com/jeruselam2023/status/1337119806617739282","Halkımız BunlarıDuysun Yaşadığınız güçlüklerden söz edebilir misiniz?

https://t.co/1UOAjBtc5B","2020-12-10 19:39 +0000","25.0","0.0","0.0","0.0","0.0","0.0","0.0","0.0","0.0","0.0","0.0","0","0","0","0","0","0","0","-","-","-","-","-","-","-","-","-","-","-","-","-","-","-","-","-","-"
"1337056226140704769","https://twitter.com/jeruselam2023/status/1337056226140704769","HalktanGizlenen Gerçekler Yaşadığınız güçlüklerden söz edebilir misiniz?

https://t.co/1UOAjBtc5B","2020-12-10 15:27 +0000","232.0","5.0","0.021551724137931036","1.0","1.0","1.0","0.0","0.0","0.0","2.0","0.0","0","0","0","0","0","0","0","-","-","-","-","-","-","-","-","-","-","-","-","-","-","-","-","-","-"
"1337051349075234821","https://twitter.com/jeruselam2023/status/1337051349075234821","HalktanGizlenen Gerçekler Yaşadığınız güçlüklerden söz edebilir misiniz?

https://t.co/fuHdIsp52Q","2020-12-10 15:07 +0000","176.0","1.0","0.005681818181818182","0.0","0.0","0.0","0.0","0.0","0.0","1.0","0.0","0","0","0","0","0","0","0","-","-","-","-","-","-","-","-","-","-","-","-","-","-","-","-","-","-"
"1337019487133065216","https://twitter.com/jeruselam2023/status/1337019487133065216","HalktanGizlenen Gerçekler ""Hedefimiz Bütün Türklerin Özgürlüğü ve Bağımsızlığıdır."" Ebulfez Elçibey (Əbülfəz Elçibəy) https://t.co/jOWmaVfQWA","2020-12-10 13:01 +0000","81.0","4.0","0.04938271604938271","0.0","0.0","1.0","0.0","0.0","0.0","0.0","0.0","0","0","0","0","0","26","3","-","-","-","-","-","-","-","-","-","-","-","-","-","-","-","-","-","-"
"1336989519627874307","https://twitter.com/jeruselam2023/status/1336989519627874307","HalktanGizlenen Gerçekler #10Aralık2016 #Azerbaycan
#Persembe","2020-12-10 11:01 +0000","184.0","3.0","0.016304347826086956","0.0","0.0","3.0","0.0","0.0","0.0","0.0","0.0","0","0","0","0","0","0","0","-","-","-","-","-","-","-","-","-","-","-","-","-","-","-","-","-","-"
"1336963364153683971","https://twitter.com/jeruselam2023/status/1336963364153683971","“Rabbimiz! Bizi sana teslim olmuş kimseler kıl. Soyumuzdan da sana teslim olmuş bir ümmet kıl. Bize ibadet yerlerini ve ilkelerini göster. Tövbemizi kabul et. Çünkü sen, tövbeleri çok kabul edensin, çok merhametli olansın.” (Bakara Suresi, 128)","2020-12-10 09:18 +0000","42.0","1.0","0.023809523809523808","0.0","0.0","0.0","0.0","0.0","0.0","1.0","0.0","0","0","0","0","0","0","0","-","-","-","-","-","-","-","-","-","-","-","-","-","-","-","-","-","-"
"1336958665526571008","https://twitter.com/jeruselam2023/status/1336958665526571008","@DiyanetVakfi “Rabbimiz! Bizi sana teslim olmuş kimseler kıl. Soyumuzdan da sana teslim olmuş bir ümmet kıl. Bize ibadet yerlerini ve ilkelerini göster. Tövbemizi kabul et. Çünkü sen, tövbeleri çok kabul edensin, çok merhametli olansın.” (Bakara Suresi, 128)","2020-12-10 08:59 +0000","28.0","0.0","0.0","0.0","0.0","0.0","0.0","0.0","0.0","0.0","0.0","0","0","0","0","0","0","0","-","-","-","-","-","-","-","-","-","-","-","-","-","-","-","-","-","-"
"1336958530037948417","https://twitter.com/jeruselam2023/status/1336958530037948417","@Kandilli_info “Rabbimiz! Bizi sana teslim olmuş kimseler kıl. Soyumuzdan da sana teslim olmuş bir ümmet kıl. Bize ibadet yerlerini ve ilkelerini göster. Tövbemizi kabul et. Çünkü sen, tövbeleri çok kabul edensin, çok merhametli olansın.” (Bakara Suresi, 128)","2020-12-10 08:58 +0000","82.0","0.0","0.0","0.0","0.0","0.0","0.0","0.0","0.0","0.0","0.0","0","0","0","0","0","0","0","-","-","-","-","-","-","-","-","-","-","-","-","-","-","-","-","-","-"
"1336958468658515968","https://twitter.com/jeruselam2023/status/1336958468658515968","@Kandilli_info “Rabbimiz! Bizi sana teslim olmuş kimseler kıl. Soyumuzdan da sana teslim olmuş bir ümmet kıl. Bize ibadet yerlerini ve ilkelerini göster. Tövbemizi kabul et. Çünkü sen, tövbeleri çok kabul edensin, çok merhametli olansın.” (Bakara Suresi, 128)","2020-12-10 08:58 +0000","152.0","9.0","0.05921052631578947","0.0","1.0","2.0","3.0","0.0","0.0","3.0","0.0","0","0","0","0","0","0","0","-","-","-","-","-","-","-","-","-","-","-","-","-","-","-","-","-","-"
"1336893403225681922","https://twitter.com/jeruselam2023/status/1336893403225681922","“Rabbim! Şüphesiz ben senden hakkında bilgim olmayan şeyi istemekten sana sığınırım. Eğer beni bağışlamaz ve bana acımazsan, şüphesiz ziyana uğrayanlardan olurum.” (Hûd Suresi, 47)","2020-12-10 04:40 +0000","59.0","5.0","0.0847457627118644","0.0","0.0","3.0","0.0","0.0","0.0","2.0","0.0","0","0","0","0","0","0","0","-","-","-","-","-","-","-","-","-","-","-","-","-","-","-","-","-","-"
"1336892899938738176","https://twitter.com/jeruselam2023/status/1336892899938738176","“Ey kalpleri hâlden hâle çeviren Allâh’ım! Benim kalbimi dîninde sâbit kıl!” (Tirmizî, Kader 7, Daavât 90, 124)","2020-12-10 04:38 +0000","38.0","1.0","0.02631578947368421","0.0","0.0","1.0","0.0","0.0","0.0","0.0","0.0","0","0","0","0","0","0","0","-","-","-","-","-","-","-","-","-","-","-","-","-","-","-","-","-","-"
"1336892899628298242","https://twitter.com/jeruselam2023/status/1336892899628298242","“Ey Rabbimiz! Biz kendimize zulmettik, eğer bizi bağışlamaz ve bize acımazsan mutlaka ziyân edenlerden oluruz.” (A’raf Suresi, 23)","2020-12-10 04:38 +0000","43.0","2.0","0.046511627906976744","0.0","0.0","1.0","0.0","0.0","0.0","1.0","0.0","0","0","0","0","0","0","0","-","-","-","-","-","-","-","-","-","-","-","-","-","-","-","-","-","-"
"1336890861142106112","https://twitter.com/jeruselam2023/status/1336890861142106112","Rabb-i Rahîmime hadsiz şükür olsun ki; sizin gibileri Risalet-ün Nur’a sahib ve naşir ve muhafız halketmiş, benim gibi âciz bir bîçarenin zaîf omuzundaki ağır yükü çok hafifleştirmiş. KASTAMONU LÂHİKASI - Bediüzzaman Said Nursî","2020-12-10 04:29 +0000","65.0","4.0","0.06153846153846154","0.0","0.0","4.0","0.0","0.0","0.0","0.0","0.0","0","0","0","0","0","0","0","-","-","-","-","-","-","-","-","-","-","-","-","-","-","-","-","-","-"
"1336889896514940928","https://twitter.com/jeruselam2023/status/1336889896514940928","Hadis rivayetlerinde, otururken, ayaktayken, yürürken, yerken, uykudan evvel, abdest alırken, elbiselerini giyerken, yolculuğa çıkarken, mescide girerken, kısacası bütün durumlarda Allah (cc)'ı anmayı ihmal etmezdi. EHLİ SÜNNET’İN ÖNEMİ - HARUN YAHYA","2020-12-10 04:26 +0000","45.0","4.0","0.08888888888888889","0.0","0.0","2.0","2.0","0.0","0.0","0.0","0.0","0","0","0","0","0","0","0","-","-","-","-","-","-","-","-","-","-","-","-","-","-","-","-","-","-"
"1336888419088216065","https://twitter.com/jeruselam2023/status/1336888419088216065","@Kandilli_info “Rabbim! Şüphesiz ben senden hakkında bilgim olmayan şeyi istemekten sana sığınırım. Eğer beni bağışlamaz ve bana acımazsan, şüphesiz ziyana uğrayanlardan olurum.” (Hûd Suresi, 47)","2020-12-10 04:20 +0000","39.0","1.0","0.02564102564102564","0.0","0.0","1.0","0.0","0.0","0.0","0.0","0.0","0","0","0","0","0","0","0","-","-","-","-","-","-","-","-","-","-","-","-","-","-","-","-","-","-"
"1336888271033536512","https://twitter.com/jeruselam2023/status/1336888271033536512","@Kandilli_info “Ey Rabbimiz! Bunu bize mübarek ve bereketli kıl ve bize bundan hayırlısını yedir”","2020-12-10 04:19 +0000","43.0","0.0","0.0","0.0","0.0","0.0","0.0","0.0","0.0","0.0","0.0","0","0","0","0","0","0","0","-","-","-","-","-","-","-","-","-","-","-","-","-","-","-","-","-","-"
"1336887969362403329","https://twitter.com/jeruselam2023/status/1336887969362403329","@Kandilli_info “Ey kalpleri hâlden hâle çeviren Allâh’ım! Benim kalbimi dîninde sâbit kıl!” (Tirmizî, Kader 7, Daavât 90, 124)","2020-12-10 04:18 +0000","859.0","12.0","0.013969732246798603","0.0","0.0","3.0","3.0","0.0","0.0","6.0","0.0","0","0","0","0","0","0","0","-","-","-","-","-","-","-","-","-","-","-","-","-","-","-","-","-","-"
"1336887848709054464","https://twitter.com/jeruselam2023/status/1336887848709054464","@Kandilli_info “Ey Rabbimiz! Biz kendimize zulmettik, eğer bizi bağışlamaz ve bize acımazsan mutlaka ziyân edenlerden oluruz.” (A’raf Suresi, 23)","2020-12-10 04:17 +0000","1100.0","20.0","0.01818181818181818","0.0","0.0","5.0","10.0","0.0","0.0","5.0","0.0","0","0","0","0","0","0","0","-","-","-","-","-","-","-","-","-","-","-","-","-","-","-","-","-","-"
"1336756723047161859","https://twitter.com/jeruselam2023/status/1336756723047161859","Halkımız GerçeğiBilsin #TürkünZaferi","2020-12-09 19:36 +0000","124.0","2.0","0.016129032258064516","1.0","0.0","1.0","0.0","0.0","0.0","0.0","0.0","0","0","0","0","0","0","0","-","-","-","-","-","-","-","-","-","-","-","-","-","-","-","-","-","-"
"1336683017117560838","https://twitter.com/jeruselam2023/status/1336683017117560838","“Rabbimiz! Bizi sana teslim olmuş kimseler kıl. Soyumuzdan da sana teslim olmuş bir ümmet kıl. Bize ibadet yerlerini ve ilkelerini göster. Tövbemizi kabul et. Çünkü sen, tövbeleri çok kabul edensin, çok merhametli olansın.” (Bakara Suresi, 128)","2020-12-09 14:44 +0000","78.0","6.0","0.07692307692307693","1.0","0.0","2.0","0.0","0.0","0.0","3.0","0.0","0","0","0","0","0","0","0","-","-","-","-","-","-","-","-","-","-","-","-","-","-","-","-","-","-"
"1336677228827045889","https://twitter.com/jeruselam2023/status/1336677228827045889","İnsanlara yanağını çevirip (büyüklenme) ve böbürlenmiş olarak yeryüzünde yürüme. Çünkü Allah, büyüklük taslayıp böbürleneni sevmez. (Lokman Suresi, 18)","2020-12-09 14:21 +0000","67.0","4.0","0.05970149253731343","1.0","0.0","3.0","0.0","0.0","0.0","0.0","0.0","0","0","0","0","0","0","0","-","-","-","-","-","-","-","-","-","-","-","-","-","-","-","-","-","-"
"1336661951926120450","https://twitter.com/jeruselam2023/status/1336661951926120450","TV Kanallarında ŞİDDET, VAHŞET, TECAVÜZ, LGBT, PROPAGANDASI İSTEMİYORUZ #AhlaksızDizilerİstemiyoruz Pedofili, homoseksüellikte yaygındır. Homoseksüellik, genetik bozukluk değil, psikolojik hastalıktır. KURAN'DA YASAKLANAN BİR EYLEMDİR. 

https://t.co/U6IReuF7VF","2020-12-09 13:20 +0000","167.0","16.0","0.09580838323353294","2.0","0.0","2.0","0.0","0.0","0.0","1.0","0.0","0","0","0","0","0","39","11","-","-","-","-","-","-","-","-","-","-","-","-","-","-","-","-","-","-"
"1336660456040181762","https://twitter.com/jeruselam2023/status/1336660456040181762","PerdeArkasında NeVar Deccal  ittifakı suçluları suçsuz tertemiz müslümanları suçlu gösterdi.

Sn. Adnan Oktar ve Arkadaşlarını, devlete ve millete faydalı hizmetle geçen bir ömürlük faaliyetlerini karalamanın peşine düştüler. https://t.co/Eun7S2ZwGg","2020-12-09 13:14 +0000","32.0","2.0","0.0625","0.0","0.0","0.0","0.0","0.0","0.0","1.0","0.0","0","0","0","0","0","2","1","-","-","-","-","-","-","-","-","-","-","-","-","-","-","-","-","-","-"
"1336637224071421954","https://twitter.com/jeruselam2023/status/1336637224071421954","BüyükTezgah Dönüyor
Yaşadığınız güçlüklerden söz edebilir misiniz?

https://t.co/fuHdIsp52Q","2020-12-09 11:42 +0000","27.0","1.0","0.037037037037037035","0.0","0.0","0.0","0.0","0.0","0.0","1.0","0.0","0","0","0","0","0","0","0","-","-","-","-","-","-","-","-","-","-","-","-","-","-","-","-","-","-"
"1336636339652087810","https://twitter.com/jeruselam2023/status/1336636339652087810","Hadislerde Geçen Dualar 

Muhammed 
Malcolm X
https://t.co/dPtnyTQdbx","2020-12-09 11:38 +0000","27.0","2.0","0.07407407407407407","0.0","0.0","0.0","0.0","1.0","0.0","1.0","0.0","0","0","0","0","0","0","0","-","-","-","-","-","-","-","-","-","-","-","-","-","-","-","-","-","-"
"1336636020868194304","https://twitter.com/jeruselam2023/status/1336636020868194304","Hadislerde Geçen Dualar https://t.co/mkxeEvoP3k","2020-12-09 11:37 +0000","25.0","0.0","0.0","0.0","0.0","0.0","0.0","0.0","0.0","0.0","0.0","0","0","0","0","0","0","0","-","-","-","-","-","-","-","-","-","-","-","-","-","-","-","-","-","-"
"1336634094126575618","https://twitter.com/jeruselam2023/status/1336634094126575618","#kürtlere BüyükTezgah Dönüyor","2020-12-09 11:29 +0000","100.0","0.0","0.0","0.0","0.0","0.0","0.0","0.0","0.0","0.0","0.0","0","0","0","0","0","0","0","-","-","-","-","-","-","-","-","-","-","-","-","-","-","-","-","-","-"
"1336610785041256448","https://twitter.com/jeruselam2023/status/1336610785041256448","""Allah'ım! Yaratılışımı güzel yaptın, ahlâkımı da güzelleştir."" (İbn Hıbbân, Ed'ıye, No: 959)","2020-12-09 09:56 +0000","28.0","0.0","0.0","0.0","0.0","0.0","0.0","0.0","0.0","0.0","0.0","0","0","0","0","0","0","0","-","-","-","-","-","-","-","-","-","-","-","-","-","-","-","-","-","-"
"1336610287659540482","https://twitter.com/jeruselam2023/status/1336610287659540482","“Rabbim! Gönlüme ferahlık ver. İşimi bana kolaylaştır. Dilimdeki tutukluğu çöz ki sözümü anlasınlar.” (Taha 20/ 25-28)","2020-12-09 09:55 +0000","24.0","0.0","0.0","0.0","0.0","0.0","0.0","0.0","0.0","0.0","0.0","0","0","0","0","0","0","0","-","-","-","-","-","-","-","-","-","-","-","-","-","-","-","-","-","-"
"1336605275655168001","https://twitter.com/jeruselam2023/status/1336605275655168001","@Kandilli_info “Rabbim! Gönlüme ferahlık ver.İşimi bana kolaylaştır.Dilimdeki tutukluğu çöz ki sözümü anlasınlar.” (Taha 20/ 25-28)","2020-12-09 09:35 +0000","197.0","6.0","0.030456852791878174","0.0","0.0","1.0","2.0","0.0","0.0","3.0","0.0","0","0","0","0","0","0","0","-","-","-","-","-","-","-","-","-","-","-","-","-","-","-","-","-","-"
"1336533783290458119","https://twitter.com/jeruselam2023/status/1336533783290458119","/ Âl-i İmrân -8- “Ey bizim kerîm Rabbimiz, bize hidâyet verdikten sonra kalblerimizi saptırma ve katından bize bir rahmet bağışla. Şüphesiz bağışı bol olan Vehhâb Sen’sin Sen!”","2020-12-09 04:51 +0000","51.0","4.0","0.0784313725490196","0.0","0.0","3.0","0.0","0.0","0.0","1.0","0.0","0","0","0","0","0","0","0","-","-","-","-","-","-","-","-","-","-","-","-","-","-","-","-","-","-"
"1336533531707670528","https://twitter.com/jeruselam2023/status/1336533531707670528","“Rabbimiz! Bizi hidayete erdirdikten sonra kalplerimizi eğriltme. Bize katından bir rahmet bahşet. Şüphesiz sen çok bahşedensin.” (Al-i İmran 3/8)","2020-12-09 04:50 +0000","44.0","3.0","0.06818181818181818","0.0","0.0","3.0","0.0","0.0","0.0","0.0","0.0","0","0","0","0","0","0","0","-","-","-","-","-","-","-","-","-","-","-","-","-","-","-","-","-","-"
"1336529253651902466","https://twitter.com/jeruselam2023/status/1336529253651902466","Allâh’ım, bana öyle bir îman, öyle bir yakîn ver ki, artık bir daha küfür (ihtimâli) kalmasın. Öyle bir rahmet ver ki, onunla, dünya ve âhirette Sen’in nazarında kıymetli olan bir mertebeye ulaşayım.” (Tirmizi, Deavât 30/3419)","2020-12-09 04:33 +0000","49.0","8.0","0.16326530612244897","0.0","0.0","4.0","0.0","0.0","0.0","4.0","0.0","0","0","0","0","0","0","0","-","-","-","-","-","-","-","-","-","-","-","-","-","-","-","-","-","-"
"1336528799584956416","https://twitter.com/jeruselam2023/status/1336528799584956416","@Kandilli_info / Âl-i İmrân -8- “Ey bizim kerîm Rabbimiz, bize hidâyet verdikten sonra kalblerimizi saptırma ve katından bize bir rahmet bağışla. Şüphesiz bağışı bol olan Vehhâb Sen’sin Sen!”","2020-12-09 04:31 +0000","172.0","0.0","0.0","0.0","0.0","0.0","0.0","0.0","0.0","0.0","0.0","0","0","0","0","0","0","0","-","-","-","-","-","-","-","-","-","-","-","-","-","-","-","-","-","-"
"1336528602146467840","https://twitter.com/jeruselam2023/status/1336528602146467840","@Kandilli_info “Rabbimiz! Bizi hidayete erdirdikten sonra kalplerimizi eğriltme. Bize katından bir rahmet bahşet. Şüphesiz sen çok bahşedensin.” (Al-i İmran 3/8)","2020-12-09 04:30 +0000","162.0","2.0","0.012345679012345678","0.0","0.0","2.0","0.0","0.0","0.0","0.0","0.0","0","0","0","0","0","0","0","-","-","-","-","-","-","-","-","-","-","-","-","-","-","-","-","-","-"
"1336524412162633728","https://twitter.com/jeruselam2023/status/1336524412162633728","@Kandilli_info Allâh’ım, bana öyle bir îman, öyle bir yakîn ver ki, artık bir daha küfür (ihtimâli) kalmasın. Öyle bir rahmet ver ki, onunla, dünya ve âhirette Sen’in nazarında kıymetli olan bir mertebeye ulaşayım.” (Tirmizi, Deavât 30/3419)","2020-12-09 04:13 +0000","224.0","9.0","0.04017857142857143","0.0","0.0","3.0","4.0","0.0","0.0","2.0","0.0","0","0","0","0","0","0","0","-","-","-","-","-","-","-","-","-","-","-","-","-","-","-","-","-","-"
"1336416259878084613","https://twitter.com/jeruselam2023/status/1336416259878084613","“Allah’ım! Seni zikretmek, nimetlerine şükretmek ve sana en güzel biçimde ibadet etmek konusunda bana yardım et.” (İbn Huzeyme, Dua, No:751; Hâkim, No: 1838, I, 499)","2020-12-08 21:04 +0000","29.0","0.0","0.0","0.0","0.0","0.0","0.0","0.0","0.0","0.0","0.0","0","0","0","0","0","0","0","-","-","-","-","-","-","-","-","-","-","-","-","-","-","-","-","-","-"
"1336411284070395904","https://twitter.com/jeruselam2023/status/1336411284070395904","@Kandilli_info “Allah’ım! Seni zikretmek, nimetlerine şükretmek ve sana en güzel biçimde ibadet etmek konusunda bana yardım et.” (İbn Huzeyme, Dua, No:751; Hâkim, No: 1838, I, 499)","2020-12-08 20:44 +0000","93.0","2.0","0.021505376344086023","0.0","0.0","0.0","0.0","0.0","0.0","2.0","0.0","0","0","0","0","0","0","0","-","-","-","-","-","-","-","-","-","-","-","-","-","-","-","-","-","-"
"1336401451799764995","https://twitter.com/jeruselam2023/status/1336401451799764995","Mümin dünyada her gün yeni bir şan, yeni bir şeref kazanıyor, daha güçlü bir derinlik elde ediyor. (Adnan Oktar, 8 Temmuz 2018)","2020-12-08 20:05 +0000","31.0","0.0","0.0","0.0","0.0","0.0","0.0","0.0","0.0","0.0","0.0","0","0","0","0","0","0","0","-","-","-","-","-","-","-","-","-","-","-","-","-","-","-","-","-","-"
"1336401387979218950","https://twitter.com/jeruselam2023/status/1336401387979218950","Dünya bir satranç maçı gibidir, bu satranç maçını güzel bitirdiğimizde aşkı gerçek anlamıyla yaşarız. Cennetten zevk alabilmek için mutlaka dünyadaki bu eğitimden geçmek gerekiyor.","2020-12-08 20:04 +0000","39.0","4.0","0.10256410256410256","0.0","1.0","1.0","0.0","0.0","0.0","2.0","0.0","0","0","0","0","0","0","0","-","-","-","-","-","-","-","-","-","-","-","-","-","-","-","-","-","-"
"1336401232282398722","https://twitter.com/jeruselam2023/status/1336401232282398722","Tüm kainatın amacı sevgidir, aşktır. Allah’ın en beğendiği şey sevgidir. Cennet, cehennem, dünya, dünyadaki tüm detaylar sadece sevgi içindir. Aşkın tam yaşanması için aklı ve vicdanı kullanmak şarttır. Akıl kullanılmadığında dünyanın da cennetin de manası kalmaz.","2020-12-08 20:04 +0000","66.0","5.0","0.07575757575757576","0.0","1.0","4.0","0.0","0.0","0.0","0.0","0.0","0","0","0","0","0","0","0","-","-","-","-","-","-","-","-","-","-","-","-","-","-","-","-","-","-"
"1336400250613985281","https://twitter.com/jeruselam2023/status/1336400250613985281","#MasumlarApartmanı Tarih BunuYazacak","2020-12-08 20:00 +0000","237.0","1.0","0.004219409282700422","0.0","0.0","1.0","0.0","0.0","0.0","0.0","0.0","0","0","0","0","0","0","0","-","-","-","-","-","-","-","-","-","-","-","-","-","-","-","-","-","-"
"1336385831565660160","https://twitter.com/jeruselam2023/status/1336385831565660160","Gençleri dans ettikleri için cezalandırmak ve bunu İslam adına yapmak Kuran’a hiçbir şekilde uygun değildir. İran’ın bu dayatmacı anlayışı çok yanlış. Bir genç kızı dans ettiği için tutuklamak, kriminallerin arasına koymak asla kabul edilecek bir şey değil. (Adnan Oktar, 2018)","2020-12-08 19:03 +0000","34.0","1.0","0.029411764705882353","0.0","0.0","1.0","0.0","0.0","0.0","0.0","0.0","0","0","0","0","0","0","0","-","-","-","-","-","-","-","-","-","-","-","-","-","-","-","-","-","-"
"1336385429197754371","https://twitter.com/jeruselam2023/status/1336385429197754371","Yaşadığınız güçlüklerden söz edebilir misiniz? https://t.co/fuHdIsp52Q via @YouTube #şimdideğilsenezaman","2020-12-08 19:01 +0000","39.0","0.0","0.0","0.0","0.0","0.0","0.0","0.0","0.0","0.0","0.0","0","0","0","0","0","0","0","-","-","-","-","-","-","-","-","-","-","-","-","-","-","-","-","-","-"
"1336304774493384707","https://twitter.com/jeruselam2023/status/1336304774493384707","Medya trolleriyle PsikolojikHarp Devrede","2020-12-08 13:41 +0000","51.0","2.0","0.0392156862745098","0.0","0.0","1.0","1.0","0.0","0.0","0.0","0.0","0","0","0","0","0","0","0","-","-","-","-","-","-","-","-","-","-","-","-","-","-","-","-","-","-"
"1336299526953512960","https://twitter.com/jeruselam2023/status/1336299526953512960","Melisa somut delil sunulamadığı için  PsikolojikHarp Devrede","2020-12-08 13:20 +0000","112.0","1.0","0.008928571428571428","0.0","0.0","1.0","0.0","0.0","0.0","0.0","0.0","0","0","0","0","0","0","0","-","-","-","-","-","-","-","-","-","-","-","-","-","-","-","-","-","-"
"1336252177854033921","https://twitter.com/jeruselam2023/status/1336252177854033921","“Ey insanlar! Allah’a muhtaç olan sizsiniz. Zengin ve övülmeye lâyık olan ancak odur.” (Fâtır, 15)","2020-12-08 10:12 +0000","41.0","2.0","0.04878048780487805","0.0","0.0","2.0","0.0","0.0","0.0","0.0","0.0","0","0","0","0","0","0","0","-","-","-","-","-","-","-","-","-","-","-","-","-","-","-","-","-","-"
"1336247260267556865","https://twitter.com/jeruselam2023/status/1336247260267556865","@Kandilli_info “Ey insanlar! Allah’a muhtaç olan sizsiniz. Zengin ve övülmeye lâyık olan ancak odur.” (Fâtır, 15)","2020-12-08 09:52 +0000","92.0","5.0","0.05434782608695652","0.0","0.0","0.0","1.0","0.0","0.0","4.0","0.0","0","0","0","0","0","0","0","-","-","-","-","-","-","-","-","-","-","-","-","-","-","-","-","-","-"
"1336066202381111296","https://twitter.com/jeruselam2023/status/1336066202381111296","“Ey kalbleri çekip çeviren Rabbim! Kalbimi dînin üzere sâbit kıl.” idi. (Tirmizî, Deavât, 85)","2020-12-07 21:53 +0000","73.0","4.0","0.0547945205479452","1.0","0.0","3.0","0.0","0.0","0.0","0.0","0.0","0","0","0","0","0","0","0","-","-","-","-","-","-","-","-","-","-","-","-","-","-","-","-","-","-"
"1336061381423017985","https://twitter.com/jeruselam2023/status/1336061381423017985","@Kandilli_info “Ey kalbleri çekip çeviren Rabbim! Kalbimi dînin üzere sâbit kıl.” idi. (Tirmizî, Deavât, 85)","2020-12-07 21:33 +0000","323.0","5.0","0.015479876160990712","0.0","0.0","0.0","2.0","0.0","0.0","3.0","0.0","0","0","0","0","0","0","0","-","-","-","-","-","-","-","-","-","-","-","-","-","-","-","-","-","-"
"1336059350943723523","https://twitter.com/jeruselam2023/status/1336059350943723523","#DavaUğruna Haksızlık ZirveYaptı","2020-12-07 21:25 +0000","152.0","1.0","0.006578947368421052","0.0","0.0","0.0","0.0","0.0","0.0","1.0","0.0","0","0","0","0","0","0","0","-","-","-","-","-","-","-","-","-","-","-","-","-","-","-","-","-","-"
"1335946664788410371","https://twitter.com/jeruselam2023/status/1335946664788410371","“Allah’ım! Beni, iyilik yaptığında sevinen, kötülük yaptığında ise hemen hatasını anlayıp istiğfâr eden kullarından eyle!” (İbn-i Mâce, Edeb, 57; Suyûtî, el-Câmiu’s-sağîr, no: 1462)","2020-12-07 13:58 +0000","69.0","10.0","0.14492753623188406","1.0","0.0","3.0","0.0","0.0","0.0","6.0","0.0","0","0","0","0","0","0","0","-","-","-","-","-","-","-","-","-","-","-","-","-","-","-","-","-","-"
"1335941645997649925","https://twitter.com/jeruselam2023/status/1335941645997649925","@Kandilli_info “Allah’ım! Beni, iyilik yaptığında sevinen, kötülük yaptığında ise hemen hatasını anlayıp istiğfâr eden kullarından eyle!” (İbn-i Mâce, Edeb, 57; Suyûtî, el-Câmiu’s-sağîr, no: 1462)","2020-12-07 13:38 +0000","94.0","6.0","0.06382978723404255","0.0","0.0","1.0","3.0","0.0","0.0","2.0","0.0","0","0","0","0","0","0","0","-","-","-","-","-","-","-","-","-","-","-","-","-","-","-","-","-","-"
"1335941622903812098","https://twitter.com/jeruselam2023/status/1335941622903812098","@Kandilli_info “Allah’ım! Beni, iyilik yaptığında sevinen, kötülük yaptığında ise hemen hatasını anlayıp istiğfâr eden kullarından eyle!” (İbn-i Mâce, Edeb, 57; Suyûtî, el-Câmiu’s-sağîr, no: 1462)","2020-12-07 13:37 +0000","207.0","6.0","0.028985507246376812","0.0","0.0","3.0","1.0","0.0","0.0","2.0","0.0","0","0","0","0","0","0","0","-","-","-","-","-","-","-","-","-","-","-","-","-","-","-","-","-","-"
"1335941409619271682","https://twitter.com/jeruselam2023/status/1335941409619271682","ÇokGeç Olmadan #pazartesi","2020-12-07 13:37 +0000","73.0","0.0","0.0","0.0","0.0","0.0","0.0","0.0","0.0","0.0","0.0","0","0","0","0","0","0","0","-","-","-","-","-","-","-","-","-","-","-","-","-","-","-","-","-","-"
"1335914963584622592","https://twitter.com/jeruselam2023/status/1335914963584622592","Yaşadığınız güçlüklerden söz edebilir misiniz? https://t.co/txUJCPpMY2","2020-12-07 11:52 +0000","45.0","5.0","0.1111111111111111","0.0","0.0","1.0","0.0","0.0","0.0","0.0","0.0","0","0","0","0","0","13","4","-","-","-","-","-","-","-","-","-","-","-","-","-","-","-","-","-","-"
"1335803974633472001","https://twitter.com/jeruselam2023/status/1335803974633472001","Dilediğini aziz edersin, dilediğini zelil edersin. Hayır senin elindedir. Şüphesiz sen her şeye hakkıyla gücü yetensin. Geceyi gündüze sokarsın, gündüzü geceye sokarsın. Ölüden diriyi çıkarırsın, diriden ölüyü çıkarırsın. Dilediğine de hesapsız rızık verirsin.” (Âl-i İmran, 27)","2020-12-07 04:31 +0000","92.0","9.0","0.09782608695652174","2.0","0.0","3.0","0.0","0.0","0.0","4.0","0.0","0","0","0","0","0","0","0","-","-","-","-","-","-","-","-","-","-","-","-","-","-","-","-","-","-"
"1335798960150044672","https://twitter.com/jeruselam2023/status/1335798960150044672","@Kandilli_info Dilediğini aziz edersin, dilediğini zelil edersin. Hayır senin elindedir. Şüphesiz sen her şeye hakkıyla gücü yetensin. Geceyi gündüze sokarsın, gündüzü geceye sokarsın. Ölüden diriyi çıkarırsın, diriden ölüyü çıkarırsın. Dilediğine de hesapsız rızık verirsin.” (Âl-i İmran, 27)","2020-12-07 04:11 +0000","157.0","2.0","0.012738853503184714","0.0","0.0","1.0","0.0","0.0","0.0","1.0","0.0","0","0","0","0","0","0","0","-","-","-","-","-","-","-","-","-","-","-","-","-","-","-","-","-","-"
"1335798461015449600","https://twitter.com/jeruselam2023/status/1335798461015449600","@Kandilli_info “Allah’ım! Âcizlikten, tembellikten, korkaklıktan, cimrilikten, yaşlılığın getirdiği tâkatsizlik ve bunaklıktan, kasvetten (katı kalplilikten), gafletten, yokluktan, zilletten, mal ve hayır azlığından, meskenetten (kötü hâlden) Sana sığınırım. (Buhâri, Tefsir, 16/1)","2020-12-07 04:09 +0000","158.0","2.0","0.012658227848101266","0.0","0.0","1.0","1.0","0.0","0.0","0.0","0.0","0","0","0","0","0","0","0","-","-","-","-","-","-","-","-","-","-","-","-","-","-","-","-","-","-"
"1335699788256382977","https://twitter.com/jeruselam2023/status/1335699788256382977","“Ey mülkün sahibi olan Allah’ım! Sen mülkü dilediğine verirsin. Dilediğinden de mülkü çeker alırsın. Dilediğini aziz edersin, dilediğini zelil edersin. Hayır senin elindedir. Şüphesiz sen her şeye hakkıyla gücü yetensin. (Âl-i İmran Suresi, 26)","2020-12-06 21:37 +0000","72.0","6.0","0.08333333333333333","1.0","0.0","3.0","0.0","0.0","0.0","2.0","0.0","0","0","0","0","0","0","0","-","-","-","-","-","-","-","-","-","-","-","-","-","-","-","-","-","-"
"1335696248591020038","https://twitter.com/jeruselam2023/status/1335696248591020038","istanbul RiskAltında","2020-12-06 21:22 +0000","49.0","0.0","0.0","0.0","0.0","0.0","0.0","0.0","0.0","0.0","0.0","0","0","0","0","0","0","0","-","-","-","-","-","-","-","-","-","-","-","-","-","-","-","-","-","-"
"1335694853661986818","https://twitter.com/jeruselam2023/status/1335694853661986818","@Kandilli_info “Ey mülkün sahibi olan Allah’ım! Sen mülkü dilediğine verirsin. Dilediğinden de mülkü çeker alırsın. Dilediğini aziz edersin, dilediğini zelil edersin. Hayır senin elindedir. Şüphesiz sen her şeye hakkıyla gücü yetensin. (Âl-i İmran Suresi, 26)","2020-12-06 21:17 +0000","469.0","10.0","0.021321961620469083","0.0","0.0","4.0","0.0","0.0","0.0","6.0","0.0","0","0","0","0","0","0","0","-","-","-","-","-","-","-","-","-","-","-","-","-","-","-","-","-","-"
"1335634149324054535","https://twitter.com/jeruselam2023/status/1335634149324054535","@Lang5291 @Kandilli_info Allah yıkar","2020-12-06 17:16 +0000","9.0","0.0","0.0","0.0","0.0","0.0","0.0","0.0","0.0","0.0","0.0","0","0","0","0","0","0","0","-","-","-","-","-","-","-","-","-","-","-","-","-","-","-","-","-","-"
"1335612556975730690","https://twitter.com/jeruselam2023/status/1335612556975730690","@Lang5291 @Kandilli_info Deprem yıkmaz, insanların yaptıkları yıkılır..","2020-12-06 15:50 +0000","104.0","2.0","0.019230769230769232","0.0","1.0","0.0","0.0","0.0","0.0","1.0","0.0","0","0","0","0","0","0","0","-","-","-","-","-","-","-","-","-","-","-","-","-","-","-","-","-","-"
"1335567339962703874","https://twitter.com/jeruselam2023/status/1335567339962703874","benim hayatım BakınSiz KararVerin Elon Musk Toz Taneleri","2020-12-06 12:50 +0000","897.0","1.0","0.0011148272017837235","0.0","0.0","1.0","0.0","0.0","0.0","0.0","0.0","0","0","0","0","0","0","0","-","-","-","-","-","-","-","-","-","-","-","-","-","-","-","-","-","-"
"1335556846417899530","https://twitter.com/jeruselam2023/status/1335556846417899530","“…Rabbim! Gireceğim yere dürüstlükle girmemi sağla; çıkacağım yerden de dürüstlükle çıkmamı sağla. Bana tarafından, hakkıyla yardım edici bir kuvvet ver.” (İsra Suresi, 80)","2020-12-06 12:09 +0000","83.0","4.0","0.04819277108433735","1.0","0.0","3.0","0.0","0.0","0.0","0.0","0.0","0","0","0","0","0","0","0","-","-","-","-","-","-","-","-","-","-","-","-","-","-","-","-","-","-"
"1335551850620313600","https://twitter.com/jeruselam2023/status/1335551850620313600","@Kandilli_info “…Rabbim! Gireceğim yere dürüstlükle girmemi sağla; çıkacağım yerden de dürüstlükle çıkmamı sağla. Bana tarafından, hakkıyla yardım edici bir kuvvet ver.” (İsra Suresi, 80)","2020-12-06 11:49 +0000","101.0","3.0","0.0297029702970297","0.0","0.0","2.0","1.0","0.0","0.0","0.0","0.0","0","0","0","0","0","0","0","-","-","-","-","-","-","-","-","-","-","-","-","-","-","-","-","-","-"
"1335551827971018757","https://twitter.com/jeruselam2023/status/1335551827971018757","@Kandilli_info “…Rabbim! Gireceğim yere dürüstlükle girmemi sağla; çıkacağım yerden de dürüstlükle çıkmamı sağla. Bana tarafından, hakkıyla yardım edici bir kuvvet ver.” (İsra Suresi, 80)","2020-12-06 11:49 +0000","753.0","9.0","0.01195219123505976","0.0","0.0","2.0","4.0","0.0","0.0","3.0","0.0","0","0","0","0","0","0","0","-","-","-","-","-","-","-","-","-","-","-","-","-","-","-","-","-","-"
"1335489905020051456","https://twitter.com/jeruselam2023/status/1335489905020051456","“…Rabbim! Beni tek başıma bırakma. Sen varislerin en hayırlısısın.” (Enbiya Suresi, 89)","2020-12-06 07:43 +0000","61.0","2.0","0.03278688524590164","0.0","0.0","1.0","0.0","0.0","0.0","1.0","0.0","0","0","0","0","0","0","0","-","-","-","-","-","-","-","-","-","-","-","-","-","-","-","-","-","-"
"1335485009537462273","https://twitter.com/jeruselam2023/status/1335485009537462273","@Kandilli_info “…Rabbim! Beni tek başıma bırakma. Sen varislerin en hayırlısısın.” (Enbiya Suresi, 89)","2020-12-06 07:23 +0000","114.0","3.0","0.02631578947368421","0.0","0.0","0.0","2.0","0.0","0.0","1.0","0.0","0","0","0","0","0","0","0","-","-","-","-","-","-","-","-","-","-","-","-","-","-","-","-","-","-"
"1335484984124203014","https://twitter.com/jeruselam2023/status/1335484984124203014","@Kandilli_info “…Rabbim! Beni tek başıma bırakma. Sen varislerin en hayırlısısın.” (Enbiya Suresi, 89)","2020-12-06 07:23 +0000","157.0","0.0","0.0","0.0","0.0","0.0","0.0","0.0","0.0","0.0","0.0","0","0","0","0","0","0","0","-","-","-","-","-","-","-","-","-","-","-","-","-","-","-","-","-","-"
"1335484958111133696","https://twitter.com/jeruselam2023/status/1335484958111133696","@Kandilli_info “…Rabbim! Beni tek başıma bırakma. Sen varislerin en hayırlısısın.” (Enbiya Suresi, 89)","2020-12-06 07:23 +0000","186.0","1.0","0.005376344086021506","0.0","0.0","0.0","1.0","0.0","0.0","0.0","0.0","0","0","0","0","0","0","0","-","-","-","-","-","-","-","-","-","-","-","-","-","-","-","-","-","-"
"1335484933364658176","https://twitter.com/jeruselam2023/status/1335484933364658176","@Kandilli_info “…Rabbim! Beni tek başıma bırakma. Sen varislerin en hayırlısısın.” (Enbiya Suresi, 89)","2020-12-06 07:23 +0000","232.0","3.0","0.01293103448275862","0.0","0.0","0.0","0.0","0.0","0.0","3.0","0.0","0","0","0","0","0","0","0","-","-","-","-","-","-","-","-","-","-","-","-","-","-","-","-","-","-"
"1335339046982344704","https://twitter.com/jeruselam2023/status/1335339046982344704","Hukuksuzluğun BuKadarı

İngiliz Derin Devleti psikolojik harp tekniği kullanarak TBAV Camiasına psikolojik baskı ve yıldırma taktiği ile tuzağına çekmek istedi. Müslümanların ise Allah sevgisi ve kardeşlerine şefkati ağır geldi.","2020-12-05 21:43 +0000","148.0","3.0","0.02027027027027027","0.0","0.0","0.0","1.0","0.0","0.0","2.0","0.0","0","0","0","0","0","0","0","-","-","-","-","-","-","-","-","-","-","-","-","-","-","-","-","-","-"
"1335295373217210368","https://twitter.com/jeruselam2023/status/1335295373217210368","“Rabbim! Bana katından temiz bir nesil bahşet. Şüphesiz sen duayı hakkıyla işitensin.” (Âl-i İmran Suresi, 38)","2020-12-05 18:50 +0000","97.0","11.0","0.1134020618556701","1.0","0.0","7.0","0.0","0.0","0.0","3.0","0.0","0","0","0","0","0","0","0","-","-","-","-","-","-","-","-","-","-","-","-","-","-","-","-","-","-"
"1335290484286058498","https://twitter.com/jeruselam2023/status/1335290484286058498","@Kandilli_info “Rabbim! Bana katından temiz bir nesil bahşet. Şüphesiz sen duayı hakkıyla işitensin.” (Âl-i İmran Suresi, 38)","2020-12-05 18:30 +0000","180.0","5.0","0.027777777777777776","1.0","0.0","2.0","1.0","0.0","0.0","1.0","0.0","0","0","0","0","0","0","0","-","-","-","-","-","-","-","-","-","-","-","-","-","-","-","-","-","-"
"1335216101261598720","https://twitter.com/jeruselam2023/status/1335216101261598720","Hani öfkelenerek (halkından ayrılıp) gitmişti de kendisini asla sıkıştırmayacağımızı sanmıştı. Derken karanlıklar içinde, ""Senden başka hiçbir ilah yoktur. Seni eksikliklerden uzak tutarım. Ben gerçekten (nefsine) zulmedenlerden oldum"" diye dua etti.” (Enbiya Suresi, 87)","2020-12-05 13:35 +0000","68.0","2.0","0.029411764705882353","0.0","0.0","2.0","0.0","0.0","0.0","0.0","0.0","0","0","0","0","0","0","0","-","-","-","-","-","-","-","-","-","-","-","-","-","-","-","-","-","-"
"1335211242168987650","https://twitter.com/jeruselam2023/status/1335211242168987650","@Kandilli_info Hani öfkelenerek (halkından ayrılıp) gitmişti de kendisini asla sıkıştırmayacağımızı sanmıştı. Derken karanlıklar içinde, ""Senden başka hiçbir ilah yoktur. Seni eksikliklerden uzak tutarım. Ben gerçekten (nefsine) zulmedenlerden oldum"" diye dua etti.” (Enbiya Suresi, 87)","2020-12-05 13:15 +0000","47.0","1.0","0.02127659574468085","0.0","0.0","1.0","0.0","0.0","0.0","0.0","0.0","0","0","0","0","0","0","0","-","-","-","-","-","-","-","-","-","-","-","-","-","-","-","-","-","-"
"1335211216957005827","https://twitter.com/jeruselam2023/status/1335211216957005827","@ArsivTC @Kandilli_info Hani öfkelenerek (halkından ayrılıp) gitmişti de kendisini asla sıkıştırmayacağımızı sanmıştı. Derken karanlıklar içinde, ""Senden başka hiçbir ilah yoktur. Seni eksikliklerden uzak tutarım. Ben gerçekten (nefsine) zulmedenlerden oldum"" diye dua etti.” (Enbiya Suresi, 87)","2020-12-05 13:15 +0000","5.0","0.0","0.0","0.0","0.0","0.0","0.0","0.0","0.0","0.0","0.0","0","0","0","0","0","0","0","-","-","-","-","-","-","-","-","-","-","-","-","-","-","-","-","-","-"
"1335211180869234688","https://twitter.com/jeruselam2023/status/1335211180869234688","@Kandilli_info Hani öfkelenerek (halkından ayrılıp) gitmişti de kendisini asla sıkıştırmayacağımızı sanmıştı. Derken karanlıklar içinde, ""Senden başka hiçbir ilah yoktur. Seni eksikliklerden uzak tutarım. Ben gerçekten (nefsine) zulmedenlerden oldum"" diye dua etti.” (Enbiya Suresi, 87)","2020-12-05 13:15 +0000","234.0","1.0","0.004273504273504274","0.0","0.0","1.0","0.0","0.0","0.0","0.0","0.0","0","0","0","0","0","0","0","-","-","-","-","-","-","-","-","-","-","-","-","-","-","-","-","-","-"
"1335201001481981954","https://twitter.com/jeruselam2023/status/1335201001481981954","Rab her kötülükten seni korur, esirger canını. (Mezmurlar, 121:7)","2020-12-05 12:35 +0000","68.0","3.0","0.04411764705882353","0.0","0.0","2.0","0.0","0.0","0.0","1.0","0.0","0","0","0","0","0","0","0","-","-","-","-","-","-","-","-","-","-","-","-","-","-","-","-","-","-"
"1334898005007245312","https://twitter.com/jeruselam2023/status/1334898005007245312","- Allah sevgiyi görmezse ne olur?
- Dünya Sürünür! https://t.co/apgKCFny3Z","2020-12-04 16:31 +0000","72.0","12.0","0.16666666666666666","1.0","0.0","1.0","0.0","0.0","0.0","0.0","0.0","0","0","0","0","0","28","10","-","-","-","-","-","-","-","-","-","-","-","-","-","-","-","-","-","-"
"1334797867396042754","https://twitter.com/jeruselam2023/status/1334797867396042754","@Kandilli_info “…Ey Rabbim! Beni; bana ve ana-babama verdiğin nimetlere şükretmeye ve razı olacağın salih ameller işlemeye sevk et ve beni rahmetinle salih kullarının arasına kat!” (Neml Suresi, 19)","2020-12-04 09:53 +0000","1248.0","14.0","0.011217948717948718","0.0","0.0","6.0","1.0","0.0","0.0","7.0","0.0","0","0","0","0","0","0","0","-","-","-","-","-","-","-","-","-","-","-","-","-","-","-","-","-","-"
"1334797834168754176","https://twitter.com/jeruselam2023/status/1334797834168754176","@Kandilli_info “…Ey Rabbim! Beni; bana ve ana-babama verdiğin nimetlere şükretmeye ve razı olacağın salih ameller işlemeye sevk et ve beni rahmetinle salih kullarının arasına kat!” (Neml Suresi, 19)","2020-12-04 09:52 +0000","15351.0","248.0","0.01615529932903394","0.0","4.0","46.0","31.0","0.0","0.0","167.0","0.0","0","0","0","0","0","0","0","-","-","-","-","-","-","-","-","-","-","-","-","-","-","-","-","-","-"
"1334793541122461696","https://twitter.com/jeruselam2023/status/1334793541122461696","Peygamber Efendimiz (s.a.v.) şöyle buyurmuştur... Depremler çoğalmadıkça... https://t.co/s1esyPWV74 
#hayirlicumalar","2020-12-04 09:35 +0000","80.0","2.0","0.025","0.0","0.0","1.0","0.0","0.0","0.0","0.0","0.0","0","0","0","0","0","1","1","-","-","-","-","-","-","-","-","-","-","-","-","-","-","-","-","-","-"
"1334793419424550912","https://twitter.com/jeruselam2023/status/1334793419424550912","Onun (Hz. Mehdi) Zamanında Büyük Hadiseler Vuku Bulacak Şimdi yaşadığımız zaman Ahirzaman devridir. Zulüm ve küfürle birlikte doğal afetlerin, kaza ve belaların, savaşların ve terörün çoğalması, bu dönemin de sonuna yaklaştığımızın işaretidir https://t.co/mrtZCVEwoE #deprem","2020-12-04 09:35 +0000","397.0","2.0","0.005037783375314861","0.0","0.0","1.0","0.0","0.0","1.0","0.0","0.0","0","0","0","0","0","0","0","-","-","-","-","-","-","-","-","-","-","-","-","-","-","-","-","-","-"
"1334773417522946050","https://twitter.com/jeruselam2023/status/1334773417522946050","@nevsinmengu Amerika ve Çin Darwinist eğitim yapıyor. Zevkle dünyanın kanını akıtıyor. Komünist teröristleri hem çin hen amerika destekliyor, silah veriyor. Komünizm darwinist temelli","2020-12-04 08:15 +0000","89.0","6.0","0.06741573033707865","0.0","0.0","0.0","4.0","0.0","0.0","2.0","0.0","0","0","0","0","0","0","0","-","-","-","-","-","-","-","-","-","-","-","-","-","-","-","-","-","-"
"1334773297712672769","https://twitter.com/jeruselam2023/status/1334773297712672769","@nevsinmengu Dünyayı nefret sarmış durumda. Sevgi olsa böyle musibetler yayılmaz. Allah sevgidir. Sevgi istememek haşa Allah'ı istemiyorum demektir.","2020-12-04 08:15 +0000","134.0","23.0","0.17164179104477612","0.0","0.0","0.0","14.0","0.0","0.0","9.0","0.0","0","0","0","0","0","0","0","-","-","-","-","-","-","-","-","-","-","-","-","-","-","-","-","-","-"
"1334726122144088064","https://twitter.com/jeruselam2023/status/1334726122144088064","“…Ey Rabbim! Beni; bana ve ana-babama verdiğin nimetlere şükretmeye ve razı olacağın salih ameller işlemeye sevk et ve beni rahmetinle salih kullarının arasına kat!” (Neml Suresi, 19)","2020-12-04 05:08 +0000","99.0","4.0","0.04040404040404041","0.0","0.0","3.0","0.0","0.0","0.0","1.0","0.0","0","0","0","0","0","0","0","-","-","-","-","-","-","-","-","-","-","-","-","-","-","-","-","-","-"
"1334721260719386624","https://twitter.com/jeruselam2023/status/1334721260719386624","@Kandilli_info “…Ey Rabbim! Beni; bana ve ana-babama verdiğin nimetlere şükretmeye ve razı olacağın salih ameller işlemeye sevk et ve beni rahmetinle salih kullarının arasına kat!” (Neml Suresi, 19)","2020-12-04 04:48 +0000","303.0","5.0","0.0165016501650165","0.0","2.0","2.0","0.0","0.0","0.0","1.0","0.0","0","0","0","0","0","0","0","-","-","-","-","-","-","-","-","-","-","-","-","-","-","-","-","-","-"
"1334721223322980353","https://twitter.com/jeruselam2023/status/1334721223322980353","@Kandilli_info “…Ey Rabbim! Beni; bana ve ana-babama verdiğin nimetlere şükretmeye ve razı olacağın salih ameller işlemeye sevk et ve beni rahmetinle salih kullarının arasına kat!” (Neml Suresi, 19)","2020-12-04 04:48 +0000","898.0","4.0","0.004454342984409799","0.0","0.0","2.0","1.0","0.0","0.0","1.0","0.0","0","0","0","0","0","0","0","-","-","-","-","-","-","-","-","-","-","-","-","-","-","-","-","-","-"
"1334721173331062785","https://twitter.com/jeruselam2023/status/1334721173331062785","@Kandilli_info “…Ey Rabbim! Beni; bana ve ana-babama verdiğin nimetlere şükretmeye ve razı olacağın salih ameller işlemeye sevk et ve beni rahmetinle salih kullarının arasına kat!” (Neml Suresi, 19)","2020-12-04 04:48 +0000","1171.0","15.0","0.012809564474807857","0.0","0.0","4.0","3.0","0.0","0.0","8.0","0.0","0","0","0","0","0","0","0","-","-","-","-","-","-","-","-","-","-","-","-","-","-","-","-","-","-"
"1334721124584787968","https://twitter.com/jeruselam2023/status/1334721124584787968","@Kandilli_info “…Ey Rabbim! Beni; bana ve ana-babama verdiğin nimetlere şükretmeye ve razı olacağın salih ameller işlemeye sevk et ve beni rahmetinle salih kullarının arasına kat!” (Neml Suresi, 19)","2020-12-04 04:48 +0000","3169.0","17.0","0.005364468286525718","0.0","0.0","7.0","5.0","0.0","0.0","5.0","0.0","0","0","0","0","0","0","0","-","-","-","-","-","-","-","-","-","-","-","-","-","-","-","-","-","-"
"1334588626861236226","https://twitter.com/jeruselam2023/status/1334588626861236226","GeçOlmadan Ertelensin

Adaletin yerini bulmasını herkes ister. Korona tedbirlerine uyulduğunda adaleti sağlamanın yollarıda bulunabilir. https://t.co/n7DENWRUp9","2020-12-03 20:01 +0000","88.0","2.0","0.022727272727272728","0.0","0.0","0.0","0.0","0.0","0.0","0.0","0.0","0","0","0","0","0","27","2","-","-","-","-","-","-","-","-","-","-","-","-","-","-","-","-","-","-"
"1334526305694404609","https://twitter.com/jeruselam2023/status/1334526305694404609","“…Rabbim! Gönlüme ferahlık ver. İşimi bana kolaylaştır. Dilimdeki tutukluğu çöz. Ki sözümü anlasınlar.” (Tâha Suresi, 25-28)","2020-12-03 15:54 +0000","80.0","1.0","0.0125","0.0","0.0","1.0","0.0","0.0","0.0","0.0","0.0","0","0","0","0","0","0","0","-","-","-","-","-","-","-","-","-","-","-","-","-","-","-","-","-","-"
"1334521283548155907","https://twitter.com/jeruselam2023/status/1334521283548155907","@Kandilli_info “…Rabbim! Gönlüme ferahlık ver. İşimi bana kolaylaştır. Dilimdeki tutukluğu çöz. Ki sözümü anlasınlar.” (Tâha Suresi, 25-28)","2020-12-03 15:34 +0000","899.0","5.0","0.0055617352614015575","0.0","0.0","0.0","3.0","0.0","0.0","2.0","0.0","0","0","0","0","0","0","0","-","-","-","-","-","-","-","-","-","-","-","-","-","-","-","-","-","-"
"1334514742946373636","https://twitter.com/jeruselam2023/status/1334514742946373636","VakaSayısı Zirvedeyken

İstanbul'da bugün 231 kişi vefat etti. Tedbirlerin ivedilikle uygulanması önemlidir. https://t.co/Da9qyDNW8S","2020-12-03 15:08 +0000","104.0","9.0","0.08653846153846154","1.0","0.0","1.0","0.0","0.0","0.0","2.0","0.0","0","0","0","0","0","26","5","-","-","-","-","-","-","-","-","-","-","-","-","-","-","-","-","-","-"
"1334426397561946112","https://twitter.com/jeruselam2023/status/1334426397561946112","“…Başıma bu dert geldi. Sen, merhametlilerin en merhametlisisin.” (Enbiya Suresi, 83)","2020-12-03 09:17 +0000","77.0","0.0","0.0","0.0","0.0","0.0","0.0","0.0","0.0","0.0","0.0","0","0","0","0","0","0","0","-","-","-","-","-","-","-","-","-","-","-","-","-","-","-","-","-","-"
"1334421492902338560","https://twitter.com/jeruselam2023/status/1334421492902338560","@Kandilli_info “…Başıma bu dert geldi. Sen, merhametlilerin en merhametlisisin.” (Enbiya Suresi, 83)","2020-12-03 08:57 +0000","45.0","2.0","0.044444444444444446","0.0","0.0","0.0","0.0","0.0","0.0","2.0","0.0","0","0","0","0","0","0","0","-","-","-","-","-","-","-","-","-","-","-","-","-","-","-","-","-","-"
"1334421448211968003","https://twitter.com/jeruselam2023/status/1334421448211968003","@Kandilli_info “…Başıma bu dert geldi. Sen, merhametlilerin en merhametlisisin.” (Enbiya Suresi, 83)","2020-12-03 08:57 +0000","70.0","0.0","0.0","0.0","0.0","0.0","0.0","0.0","0.0","0.0","0.0","0","0","0","0","0","0","0","-","-","-","-","-","-","-","-","-","-","-","-","-","-","-","-","-","-"
"1334421423927021569","https://twitter.com/jeruselam2023/status/1334421423927021569","@Kandilli_info “…Başıma bu dert geldi. Sen, merhametlilerin en merhametlisisin.” (Enbiya Suresi, 83)","2020-12-03 08:57 +0000","17.0","0.0","0.0","0.0","0.0","0.0","0.0","0.0","0.0","0.0","0.0","0","0","0","0","0","0","0","-","-","-","-","-","-","-","-","-","-","-","-","-","-","-","-","-","-"
"1334421401164533760","https://twitter.com/jeruselam2023/status/1334421401164533760","@Kandilli_info “…Başıma bu dert geldi. Sen, merhametlilerin en merhametlisisin.” (Enbiya Suresi, 83)","2020-12-03 08:57 +0000","40.0","0.0","0.0","0.0","0.0","0.0","0.0","0.0","0.0","0.0","0.0","0","0","0","0","0","0","0","-","-","-","-","-","-","-","-","-","-","-","-","-","-","-","-","-","-"
"1334421382352998400","https://twitter.com/jeruselam2023/status/1334421382352998400","@Kandilli_info “…Başıma bu dert geldi. Sen, merhametlilerin en merhametlisisin.” (Enbiya Suresi, 83)","2020-12-03 08:57 +0000","116.0","0.0","0.0","0.0","0.0","0.0","0.0","0.0","0.0","0.0","0.0","0","0","0","0","0","0","0","-","-","-","-","-","-","-","-","-","-","-","-","-","-","-","-","-","-"
"1334229186219827200","https://twitter.com/jeruselam2023/status/1334229186219827200","Mahkemeleri KoronaSardı

Sağlıkçıya empati kurmak gereklidir. Artan korona vakaları sağlıkçılar içinde risktir. Artan risk korona patlamasına yol açabilir. Önlem alınmalıdır. https://t.co/NtQlBvdPxE","2020-12-02 20:13 +0000","125.0","9.0","0.072","1.0","0.0","2.0","0.0","0.0","0.0","3.0","0.0","0","0","0","0","0","17","3","-","-","-","-","-","-","-","-","-","-","-","-","-","-","-","-","-","-"
"1334184104183672834","https://twitter.com/jeruselam2023/status/1334184104183672834","Mumtehine Suresi (60.sure)
Ey iman edenler! Eğer benim yolumda savaşmak ve rızamı kazanmak için çıkmışsanız, benim de düşmanım, sizin de düşmanınız olanlara sevgi göstererek, gizli muhabbet besleyerek onları dost edinmeyin.","2020-12-02 17:14 +0000","84.0","3.0","0.03571428571428571","1.0","0.0","1.0","0.0","0.0","0.0","1.0","0.0","0","0","0","0","0","0","0","-","-","-","-","-","-","-","-","-","-","-","-","-","-","-","-","-","-"
"1334184045559894016","https://twitter.com/jeruselam2023/status/1334184045559894016","@Kandilli_info “…Rabbimiz! Ancak sana dayandık, sana yöneldik. Dönüş de ancak sanadır. Rabbimiz! Bizi, inkâr edenler için deneme konusu kılma, bizi bağışla! Ey Rabbimiz! Yegâne galip ve hikmet sahibi, ancak sensin.” Mümtehine Suresi 5. Ayet |","2020-12-02 17:13 +0000","141.0","3.0","0.02127659574468085","0.0","0.0","0.0","1.0","0.0","0.0","2.0","0.0","0","0","0","0","0","0","0","-","-","-","-","-","-","-","-","-","-","-","-","-","-","-","-","-","-"
"1334145798561402881","https://twitter.com/jeruselam2023/status/1334145798561402881","“Rabbim! Şüphesiz ben senden hakkında bilgim olmayan şeyi istemekten sana sığınırım. Eğer beni bağışlamaz ve bana acımazsan, şüphesiz ziyana uğrayanlardan olurum.” (Hûd Suresi, 47)","2020-12-02 14:42 +0000","74.0","2.0","0.02702702702702703","0.0","0.0","0.0","0.0","0.0","0.0","2.0","0.0","0","0","0","0","0","0","0","-","-","-","-","-","-","-","-","-","-","-","-","-","-","-","-","-","-"
"1334139651666440192","https://twitter.com/jeruselam2023/status/1334139651666440192","2020de Ertelenmezse SonuçFelaket

Bazı medya resmi salgın tedbirlerine muhalefet etmek için yalan haber yayınlamaya devam ediyor. Medya taraflı yayınlarla Türk MİLLETİNE ZARAR VERİYOR.","2020-12-02 14:17 +0000","485.0","5.0","0.010309278350515464","0.0","0.0","1.0","0.0","0.0","0.0","4.0","0.0","0","0","0","0","0","0","0","-","-","-","-","-","-","-","-","-","-","-","-","-","-","-","-","-","-"
"1334102149018554372","https://twitter.com/jeruselam2023/status/1334102149018554372","Ertelenmezse SonuçFelaket

Sonbahar döneminde vaka artışı aylık 140 bindi. Kış ayında günlük vaka artışı 30 bini buldu. Ortalama 5 günlük artış sadece bir günde gerçekleşti. Salgın katlamalı artış kaydediyor. Acil tahliyeler başlamalıdır.","2020-12-02 11:48 +0000","129.0","6.0","0.046511627906976744","1.0","1.0","1.0","0.0","0.0","0.0","3.0","0.0","0","0","0","0","0","0","0","-","-","-","-","-","-","-","-","-","-","-","-","-","-","-","-","-","-"
"1334099279149928450","https://twitter.com/jeruselam2023/status/1334099279149928450","- Dikkat keskinliği teyakkuz tabiki hergün olur.
-Kaygı tevekkülsüz teyakkuz haline denir.
- Tevekküllü olana, teyakkuz yani dikkat keskinliğine, olaya karşı hazır olda olmak ani bir duruma karşı ani bir atak yapmak #carsamba #AdnanOktar https://t.co/fhtaKDHmAa","2020-12-02 11:37 +0000","76.0","6.0","0.07894736842105263","0.0","0.0","0.0","0.0","0.0","0.0","0.0","0.0","0","0","0","0","0","21","6","-","-","-","-","-","-","-","-","-","-","-","-","-","-","-","-","-","-"
"1334097487792058368","https://twitter.com/jeruselam2023/status/1334097487792058368","Kış döneminde 3 ay ertelemeli Ertelenmezse SonuçFelaket https://t.co/DtaVm4NrdG","2020-12-02 11:30 +0000","55.0","6.0","0.10909090909090909","1.0","1.0","1.0","0.0","0.0","0.0","2.0","0.0","0","0","0","0","0","3","1","-","-","-","-","-","-","-","-","-","-","-","-","-","-","-","-","-","-"
"1334096901013123083","https://twitter.com/jeruselam2023/status/1334096901013123083","Ertelenmezse SonuçFelaket

Günlük vaka artış hızı en yüksek 30 bini gördü.

Sonbahar döneminde vaka artışı aylık 140 binlere yaklaştı.

Ortalama 5 günlük artış sadece bir günde gerçekleşti. Salgın hızı katlamalı artış kaydediyor. Acil tahliyeler başlamalıdır. https://t.co/jnh0Z1LNVf","2020-12-02 11:27 +0000","117.0","6.0","0.05128205128205128","1.0","1.0","1.0","0.0","0.0","0.0","1.0","0.0","0","0","0","0","0","15","2","-","-","-","-","-","-","-","-","-","-","-","-","-","-","-","-","-","-"
"1334084963667415046","https://twitter.com/jeruselam2023/status/1334084963667415046","@BeyazGazete SALGIN TEDBİRLERİ UYGULANSIN MEDYA TEDBİRLERE MUHALEFET ETMESİN.","2020-12-02 10:40 +0000","13.0","1.0","0.07692307692307693","0.0","0.0","0.0","0.0","0.0","0.0","1.0","0.0","0","0","0","0","0","0","0","-","-","-","-","-","-","-","-","-","-","-","-","-","-","-","-","-","-"
"1334083387326226434","https://twitter.com/jeruselam2023/status/1334083387326226434","“Ey Rabbim! Bana bir hikmet bahşet ve beni salih kimseler arasına kat. Sonra gelecekler arasında beni doğrulukla anılanlardan kıl. Beni Naîm cennetinin varislerinden eyle.” (Şuarâ Suresi, 83-85)","2020-12-02 10:34 +0000","58.0","0.0","0.0","0.0","0.0","0.0","0.0","0.0","0.0","0.0","0.0","0","0","0","0","0","0","0","-","-","-","-","-","-","-","-","-","-","-","-","-","-","-","-","-","-"
"1334078548290760704","https://twitter.com/jeruselam2023/status/1334078548290760704","@Kandilli_info “Ey Rabbim! Bana bir hikmet bahşet ve beni salih kimseler arasına kat. Sonra gelecekler arasında beni doğrulukla anılanlardan kıl. Beni Naîm cennetinin varislerinden eyle.” (Şuarâ Suresi, 83-85)","2020-12-02 10:14 +0000","67.0","4.0","0.05970149253731343","0.0","0.0","1.0","1.0","0.0","0.0","2.0","0.0","0","0","0","0","0","0","0","-","-","-","-","-","-","-","-","-","-","-","-","-","-","-","-","-","-"
"1334078507652177920","https://twitter.com/jeruselam2023/status/1334078507652177920","@Kandilli_info “Ey Rabbim! Bana bir hikmet bahşet ve beni salih kimseler arasına kat. Sonra gelecekler arasında beni doğrulukla anılanlardan kıl. Beni Naîm cennetinin varislerinden eyle.” (Şuarâ Suresi, 83-85)","2020-12-02 10:14 +0000","92.0","2.0","0.021739130434782608","0.0","0.0","0.0","0.0","0.0","0.0","2.0","0.0","0","0","0","0","0","0","0","-","-","-","-","-","-","-","-","-","-","-","-","-","-","-","-","-","-"
"1334078486970036225","https://twitter.com/jeruselam2023/status/1334078486970036225","@Kandilli_info “Ey Rabbim! Bana bir hikmet bahşet ve beni salih kimseler arasına kat. Sonra gelecekler arasında beni doğrulukla anılanlardan kıl. Beni Naîm cennetinin varislerinden eyle.” (Şuarâ Suresi, 83-85)","2020-12-02 10:14 +0000","192.0","4.0","0.020833333333333332","0.0","0.0","1.0","1.0","0.0","0.0","2.0","0.0","0","0","0","0","0","0","0","-","-","-","-","-","-","-","-","-","-","-","-","-","-","-","-","-","-"
"1334078345533943812","https://twitter.com/jeruselam2023/status/1334078345533943812","Milletlerin yaşaması, zahiri dayanıklığa olduğu gibi manevi dayanıklılığa da bağlıdır..

 https://t.co/jJzRFHhqDp via @YouTube 
En Çok Dinlediğim 5 Sanatçı #carsamba 2020 Özetini 2020de Durma #TacizleriUnutturamazsınız","2020-12-02 10:13 +0000","84.0","4.0","0.047619047619047616","0.0","0.0","1.0","0.0","0.0","0.0","3.0","0.0","0","0","0","0","0","0","0","-","-","-","-","-","-","-","-","-","-","-","-","-","-","-","-","-","-"
"1334077884647026693","https://twitter.com/jeruselam2023/status/1334077884647026693","Milletlerin yaşaması, zahiri dayanıklığa olduğu gibi manevi dayanıklılığa da bağlıdır..

 https://t.co/jJzRFHhqDp via @YouTube","2020-12-02 10:12 +0000","306.0","4.0","0.013071895424836602","1.0","0.0","1.0","0.0","0.0","0.0","2.0","0.0","0","0","0","0","0","0","0","-","-","-","-","-","-","-","-","-","-","-","-","-","-","-","-","-","-"
"1334077052291608582","https://twitter.com/jeruselam2023/status/1334077052291608582","Tabiiyyunların, mevhum ve hakikatsız tabiat dedikleri şey, olsa olsa ve hakikat-ı hariciye sahibi ise; ancak bir san’at olabilir, Sâni’ olamaz. Bir nakıştır, Nakkaş olamaz. Ahkâmdır, hâkim olamaz.

TABİAT RİSALESİ 
- Bedîüzzaman Said Nursî","2020-12-02 10:08 +0000","263.0","7.0","0.026615969581749048","1.0","0.0","1.0","5.0","0.0","0.0","0.0","0.0","0","0","0","0","0","0","0","-","-","-","-","-","-","-","-","-","-","-","-","-","-","-","-","-","-"
"1334076678210019328","https://twitter.com/jeruselam2023/status/1334076678210019328","Oysa ""Türlerin Efendisi"", ""saygın bilim adamı"" gibi sıfatlarla yüceltilen, ortaya attığı teori ile tüm karşıtlarına karşı direnen bir bilim adamı gibi lanse edilmeye çalışılan Darwin, aslında bilim tarihindeki en büyük yanılgının mimarıdır.

DARWINİZM NASIL BİR AÇMAZ?-HARUN YAHYA","2020-12-02 10:07 +0000","285.0","6.0","0.021052631578947368","1.0","0.0","2.0","0.0","0.0","0.0","3.0","0.0","0","0","0","0","0","0","0","-","-","-","-","-","-","-","-","-","-","-","-","-","-","-","-","-","-"
"1334075403770748935","https://twitter.com/jeruselam2023/status/1334075403770748935","Milletlerin yaşaması,  zahiri dayanıklığa olduğu gibi manevi dayanıklılı... https://t.co/YlmcCokQg4 via @YouTube","2020-12-02 10:02 +0000","40.0","1.0","0.025","0.0","0.0","0.0","0.0","0.0","0.0","1.0","0.0","0","0","0","0","0","0","0","-","-","-","-","-","-","-","-","-","-","-","-","-","-","-","-","-","-"
"1333833994660614144","https://twitter.com/jeruselam2023/status/1333833994660614144","“Ey Rabbimiz! (Amellerin) hesap olunacağı gün, beni ana-babamı ve mü’minleri bağışla!” (İbrahim Suresi, 41)","2020-12-01 18:03 +0000","75.0","4.0","0.05333333333333334","1.0","0.0","3.0","0.0","0.0","0.0","0.0","0.0","0","0","0","0","0","0","0","-","-","-","-","-","-","-","-","-","-","-","-","-","-","-","-","-","-"
"1333829182317596678","https://twitter.com/jeruselam2023/status/1333829182317596678","@Kandilli_info “Ey Rabbimiz! (Amellerin) hesap olunacağı gün, beni ana-babamı ve mü’minleri bağışla!” (İbrahim Suresi, 41)","2020-12-01 17:43 +0000","204.0","7.0","0.03431372549019608","1.0","1.0","1.0","3.0","0.0","0.0","1.0","0.0","0","0","0","0","0","0","0","-","-","-","-","-","-","-","-","-","-","-","-","-","-","-","-","-","-"
"1333770575903293448","https://twitter.com/jeruselam2023/status/1333770575903293448","Amerika'nın rahat etmesi için, Rusya'nında rahat etmesi için Türk-İslam Birliği en acil ihtiyaçdır.
Bütün dünyanın rahat ve huzur içinde olması için ekonomik yönden sosyal güçlenme manevi güçlenme ruhen rahatlık için mutlaka Türk-İslam Birliği oluşması gerekiyor. (Adnan Oktar) https://t.co/TNELa7o7Cj","2020-12-01 13:51 +0000","55.0","7.0","0.12727272727272726","0.0","0.0","0.0","1.0","0.0","0.0","0.0","0.0","0","0","0","0","0","15","6","-","-","-","-","-","-","-","-","-","-","-","-","-","-","-","-","-","-"
"1333754973348261889","https://twitter.com/jeruselam2023/status/1333754973348261889","İki nötron yıldızı birleşerek Samanyolu galaksisinde bulunan tüm yıldızların parlaklığının 1 milyar katına ulaşabilir. Bu hadise size kainatın büyüklüğü hakkında bir fikir verebilir. https://t.co/aRY5vGUFa4""
#AsgariÜcretNet3000TL TRT World Forum 2020","2020-12-01 12:49 +0000","54.0","4.0","0.07407407407407407","0.0","0.0","0.0","0.0","0.0","0.0","0.0","0.0","0","0","0","0","0","10","4","-","-","-","-","-","-","-","-","-","-","-","-","-","-","-","-","-","-"
"1333730906767585281","https://twitter.com/jeruselam2023/status/1333730906767585281","Zincirleme ÖlümlerKapıda

Risk haritası genişlemekte her yaç ve durumdaki insana bulaşma riski gündemden düşmemekte acil yeni ve kalıcı tedbirler düşünülmelidir. #aralık https://t.co/G90fmOrm2l","2020-12-01 11:13 +0000","45.0","1.0","0.022222222222222223","0.0","0.0","0.0","0.0","0.0","0.0","0.0","0.0","0","0","0","0","0","4","1","-","-","-","-","-","-","-","-","-","-","-","-","-","-","-","-","-","-"
"1333730221124694017","https://twitter.com/jeruselam2023/status/1333730221124694017","SAĞLIKÇIYA EMPATİ KURMAK pandemionerim #bizevdeyiz https://t.co/dGaDSFk4qW #aralık Yeni Kısıtlama #yasakistemiyoruz","2020-12-01 11:10 +0000","108.0","2.0","0.018518518518518517","0.0","0.0","0.0","0.0","0.0","0.0","0.0","0.0","0","0","0","0","0","2","2","-","-","-","-","-","-","-","-","-","-","-","-","-","-","-","-","-","-"
"1333729802231160837","https://twitter.com/jeruselam2023/status/1333729802231160837","pandemionerim #bizevdeyiz https://t.co/dGaDSFk4qW","2020-12-01 11:08 +0000","39.0","3.0","0.07692307692307693","0.0","0.0","0.0","0.0","0.0","0.0","1.0","0.0","0","0","0","0","0","2","2","-","-","-","-","-","-","-","-","-","-","-","-","-","-","-","-","-","-"
"1333674789924466688","https://twitter.com/jeruselam2023/status/1333674789924466688","- Hem Rusya kurtulacak, Amerika kurtulacak, İsrail, Ermenistan herkes kurtulacak.
- Türkiye çok büyük kilit konumda bir ülkedir.
- Dünyanın üzerindeki felaketin belanın çözülmesi için tek görevli Türkiye'dir. Allah ona bu görevi vermiştir
- Bu fitneyi çözme görevini ona vermiştir https://t.co/EBVfDSQFmY","2020-12-01 07:30 +0000","39.0","4.0","0.10256410256410256","0.0","0.0","0.0","0.0","0.0","0.0","1.0","0.0","0","0","0","0","0","12","3","-","-","-","-","-","-","-","-","-","-","-","-","-","-","-","-","-","-"
